id;uri;body;method
a3f992ad-f1ef-4a0f-97d2-b02a49d03152;unkempt supposing;antelope for;PATCH
022ec7e7-aa38-41d2-8766-db0b621add36;pretty;what;NONE
fe29569d-f6a9-4b16-ac52-d8136be21449;high so;ouch bah;NONE
216b2996-4c5f-46a8-ab8d-d07a3f7ccce5;knobby present;gracefully veer almond;POST
21a2e941-019b-45bd-9775-1c01654224bd;whether yippee;invitation principle delightfully;POST
4a9af0cd-8d38-4c8a-882c-fcfcc4e6805b;slope synergy;above oh loudly;GET
0a4e37af-ee6d-4c72-beff-2e7b4d8e9326;skeletal merrily;blitz unwelcome;OPTIONS
6a8b4cca-bf10-4236-b38e-f0fa5f6f1aea;modulo or drat;east average healthily;OPTIONS
d8a6ba41-1f1e-4b42-9251-6611d956bfd3;protest;bright;NONE
57fec845-7bb8-43c8-ad19-1e9dbdc91830;during giddy till;yum;OPTIONS
