id;label;input_interface;width;note;validation_pattern;options;display_options;conditions;translations
adbbf1f3-f509-4e44-bae1-a7bfa872a664;separately;er;finally since;fooey instil;vaporise;blah;roasted rundown;highway fatally afterwards;globe regularly lick
3998c228-bbc7-4192-8276-4288b7ba77f0;plus freely;wherever boastfully a;gamble;brr;apud;mix;forenenst by actually;whose pike;abaft
b73f22e7-5bcd-411b-98d6-d56ac5eabba7;but;hike whereas accountant;coo to boohoo;although until pish;quizzically;for disguise;panel surprisingly ack;babyish hence;failing quietly mockingly
29d6d8ad-a28b-4e65-bfc2-f3392bc83920;over vice far;rash;diaphragm;barring sleepily;multicolored;furiously;er prestige whoa;vice;rarely yum
3d3e070c-6d36-4eac-b9aa-58171e82e044;needy;mortally;notwithstanding oh frozen;anxiously unlike;jealously;following cheerfully;stained retrospectivity duh;purchase that sneaker;yippee dull ah
760fc4f3-14a5-4d3f-bc06-16226a163c7c;but;menacing clot;which since easily;courageously reparation ultimatum;reschedule necessary nucleotide;close;aboard;tepid;er afore jubilantly
89989e44-832c-49a3-94a1-4696a7343d05;any attend;unnecessarily fifth yuck;neighboring wearily likewise;species fooey aha;rosy violently;seemingly till;well-lit notwithstanding daintily;actually;opposite men scientific
37aee5cc-8781-437e-9b1e-a4c98ab3ea4e;phew;exorcise generally;fog tenderly burrow;ew why;once;along shoehorn;drat quietly;vastly brochure appendix;yum
e4f42c06-fea1-4cc3-96b7-399958d029f5;tract adventurously determined;past plump lollipop;ouch;given paraphrase toward;miserly hollow redial;whose verbally downforce;wherever;whereas ah without;indicator fabulous
2737b327-5976-4794-ab90-e1b0533b25a2;so golden truly;gleefully stopwatch bitterly;yowl;thorough naturally gee;and lest amidst;aw but gosh;regime;yuck constant;wholly circa aunt
