id;form_name;form_description;form_type;step_order
ae38be1c-509a-4e16-83a7-7e24d016c6a3;boohoo those;pro stiff;NONE;28330
70e677e6-5185-4e24-b962-a532fc986524;behind round;yippee;INIT;21286
4a273028-0b54-425e-897b-8598042fd120;black;surprisingly sun quizzically;NONE;14354
add36fe0-e485-47a6-a9e2-081bf4018efd;weakly speedily;standard balance;NONE;10269
b2e5f62e-347a-43b9-a509-c83c38ee691f;wisely after etch;faithfully pfft;REMARK;10736
0c46a029-db88-4d20-9f29-038eef97bdac;safely everybody;whimper now;NONE;20448
b99a1c50-0090-477c-b9bd-567c0b59da72;flat moth pure;octave;REMARK;13277
72cd787f-80e2-45f0-9be4-4fe151891784;pig modulo wheedle;astride innocently beneath;INIT;5237
6534d8bb-7fc6-402b-9692-c91977c982e4;nimble;gee;REMARK;19667
8f325dfa-27b8-4a37-b46b-ac90abbd9bcb;hm;pfft at;REMARK;3941
